gl_code,account_name,account_type,description,keywords,active
1500,Computer Equipment,Asset,"Capitalisable IT hardware with unit cost at or above the capitalisation threshold","laptop, server, workstation, network switch, storage array",true
1510,Furniture & Fixtures,Asset,"Capitalisable office furniture and fit-out","desk, chair, cabinet, partition",true
1550,Prepaid Expenses,Asset,"Annual or multi-period prepayments covering more than 3 months","annual subscription prepaid, insurance premium, maintenance contract",true
5000,Cost of Goods Sold - Materials,Expense,"Raw materials and components consumed in production","raw material, components, resin, steel, packaging for resale",true
5100,Freight Inbound,Expense,"Shipping and freight charges on purchased goods","freight, shipping, delivery, courier, haulage",true
6000,Office Supplies,Expense,"Consumable office stationery and supplies","paper, toner, pens, stationery, printer ink",true
6010,IT Hardware - Non-Capital,Expense,"IT hardware and peripherals below the capitalisation threshold","monitor, keyboard, mouse, headset, docking station, cables, adapter",true
6020,Software Subscriptions,Expense,"SaaS and software licences expensed in the period","saas, licence, license, subscription, seats, cloud software",true
6030,Cloud Hosting & Infrastructure,Expense,"Public cloud consumption and hosting","azure, aws, compute, storage, hosting, bandwidth",true
6040,Telecommunications,Expense,"Phone, mobile and internet services","mobile, phone, internet, broadband, sim, data plan",true
6100,Professional Fees - Legal,Expense,"External legal counsel","legal, attorney, solicitor, counsel, litigation",true
6110,Professional Fees - Consulting,Expense,"Management and technical consulting services","consulting, advisory, implementation services, professional services",true
6120,Professional Fees - Audit & Accounting,Expense,"External audit, tax and accounting services","audit, tax advisory, bookkeeping",true
6200,Rent & Occupancy,Expense,"Office and warehouse rent and service charges","rent, lease, service charge, office space",true
6210,Utilities,Expense,"Electricity, gas and water","electricity, gas, water, energy",true
6220,Repairs & Maintenance,Expense,"Building and equipment repairs and maintenance","repair, maintenance, servicing, hvac, plumbing",true
6230,Cleaning & Facilities Services,Expense,"Janitorial and facilities management","cleaning, janitorial, waste removal, pest control",true
6300,Travel - Airfare,Expense,"Air travel","flight, airfare, airline",true
6310,Travel - Lodging,Expense,"Hotels and accommodation","hotel, lodging, accommodation",true
6320,Meals & Entertainment,Expense,"Business meals and client entertainment","meals, catering, restaurant, entertainment",true
6400,Marketing & Advertising,Expense,"Advertising, campaigns, promotional materials","advertising, ads, campaign, promotional, printing brochures, sponsorship",true
6500,Training & Development,Expense,"Courses, conferences and certifications","training, course, conference, certification, workshop",true
6600,Insurance Expense,Expense,"Insurance premiums for the current period","insurance, premium, policy",true
6700,Bank Fees,Expense,"Bank and payment processing charges","bank charge, wire fee, card processing",true
6800,Postage & Courier,Expense,"Outbound postage and courier not related to inventory purchases","postage, stamps, courier outbound",true
6900,Miscellaneous Expense,Expense,"Expenses that fit no other account; use sparingly","misc, sundry",true
6999,Legacy Suspense,Expense,"Retired suspense account - do not use","",false
