cost_center,description,category
CC100,Executive Office - CEO office; board and company-wide leadership costs,Executive
CC200,Finance - accounting; AP/AR; treasury; audit and tax,Finance
CC300,Human Resources - recruiting; training programmes; employee benefits,People
CC400,IT Operations - end-user computing; networks; helpdesk; telecoms,Technology
CC410,Cloud Platform Engineering - production cloud infrastructure and hosting for customer-facing products,Technology
CC500,Sales - field and inside sales; client entertainment,Revenue
CC510,Marketing - brand; campaigns; events and digital advertising,Revenue
CC600,Manufacturing - Plant 1 - production line; raw materials and plant maintenance,Operations
CC700,Facilities - office buildings; rent; utilities; cleaning and maintenance,Operations
CC800,Legal & Compliance - corporate legal; contracts; compliance and regulatory,Legal
